Comuna,Esperanza_vida,Tasa_matriculación_combinada,Alfabetismo_adulto,PIB_per_cápita,Índice_PIB,Índice_alfabetización,Índice_matriculación,Índice_nivelEducacional,Índice_esperanza_vida,IDH_2005,State,Pop_total_2005,Pop_Urban,Pop_Rural,PopUrban_percent_total,Pop_Hombre,Pop_Mujer,Indice_Hombre,Macroregioes
AHUACHAPÁN,69.6,60.2,80.5,"3,567",597.0,805.0,602.0,737.0,743.0,692.0,Ahuachapán,90593.0,28841.0,61752.0,31.8,44504.0,46089.0,0.97,Zona occidental
APANECA,70.1,62.4,81.0,"3,579",597.0,810.0,624.0,748.0,751.0,699.0,Ahuachapán,7745.0,2962.0,4783.0,38.2,3865.0,3881.0,1.0,Zona occidental
ATIQUIZAYA,69.8,65.3,81.5,"3,871",610.0,815.0,653.0,761.0,747.0,706.0,Ahuachapán,32061.0,11294.0,20767.0,35.2,15218.0,16843.0,0.9,Zona occidental
CONCEPCIÓN DE ATACO,70.9,58.1,76.6,"3,740",604.0,766.0,581.0,704.0,765.0,691.0,Ahuachapán,1389.0,6975.0,6915.0,50.2,6498.0,7392.0,0.88,Zona occidental
EL REFUGIO,69.6,68.1,85.9,"5,073",655.0,859.0,681.0,799.0,743.0,733.0,Ahuachapán,5561.0,1765.0,3796.0,31.7,2584.0,2977.0,0.87,Zona occidental
GUAYMANGO,67.8,57.6,60.4,"1,833",485.0,604.0,576.0,595.0,713.0,598.0,Ahuachapán,19832.0,1156.0,18676.0,5.8,9447.0,10385.0,0.91,Zona occidental
JUJUTLA,67.9,53.6,59.5,"2,090",507.0,595.0,536.0,575.0,716.0,599.0,Ahuachapán,28059.0,2359.0,257.0,8.4,13841.0,14218.0,0.97,Zona occidental
SAN FRANCISCO MENÉNDEZ,69.1,53.3,66.3,"2,774",555.0,663.0,533.0,620.0,735.0,637.0,Ahuachapán,43478.0,10755.0,32723.0,24.7,21431.0,22047.0,0.97,Zona occidental
SAN LORENZO,68.3,60.4,78.8,"2,690",549.0,788.0,604.0,727.0,722.0,666.0,Ahuachapán,8326.0,1155.0,7171.0,13.9,4264.0,4062.0,1.05,Zona occidental
SAN PEDRO PUXTLA,70.3,52.4,68.4,"2,737",552.0,684.0,524.0,630.0,755.0,646.0,Ahuachapán,8411.0,3541.0,487.0,42.1,4306.0,4105.0,1.05,Zona occidental
TACUBA,69.1,54.7,67.9,"1,973",498.0,679.0,547.0,635.0,735.0,623.0,Ahuachapán,22425.0,5503.0,16922.0,24.5,11332.0,11093.0,1.02,Zona occidental
TURÍN,71.2,63.6,83.0,"4,681",642.0,830.0,636.0,766.0,770.0,726.0,Ahuachapán,5828.0,317.0,2659.0,54.4,2765.0,3063.0,0.9,Zona occidental
CINQUERA,65.9,65.9,64.6,"1,303",428.0,646.0,659.0,650.0,681.0,587.0,Cabañas,1184.0,2930.0,8910.0,24.7,6250.0,5590.0,1.12,Zona central
GUACOTECTI,65.3,60.8,73.2,"3,037",570.0,732.0,608.0,691.0,672.0,644.0,Cabañas,4424.0,7610.0,3663.0,17.2,196.0,2464.0,0.8,Zona central
ILOBASCO,66.3,58.7,74.1,"2,731",552.0,741.0,587.0,690.0,688.0,643.0,Cabañas,6624.0,20377.0,45863.0,30.8,31781.0,34459.0,0.92,Zona central
JUTIAPA,64.1,58.1,56.5,"1,317",430.0,565.0,581.0,570.0,652.0,551.0,Cabañas,7178.0,0.0,7178.0,0.0,3428.0,375.0,0.91,Zona central
SAN ISIDRO,65.3,63.8,69.8,"2,991",567.0,698.0,638.0,678.0,672.0,,Cabañas,10875.0,1872.0,9003.0,17.2,5329.0,5546.0,0.96,Zona central
SENSUNTEPEQUE,67.7,61.1,72.2,"3,599",598.0,722.0,611.0,685.0,711.0,665.0,Cabañas,39499.0,19802.0,19698.0,50.1,17644.0,21855.0,0.81,Zona central
TEJUTEPEQUE,65.9,64.6,76.3,"2,880",561.0,763.0,646.0,724.0,681.0,655.0,Cabañas,5863.0,1442.0,4421.0,24.6,2832.0,3031.0,0.93,Zona central
VICTORIA,64.9,61.6,65.2,"1,857",488.0,652.0,616.0,640.0,666.0,598.0,Cabañas,14796.0,1708.0,13088.0,11.5,7052.0,7744.0,0.91,Zona central
VILLA DOLORES,65.2,56.6,55.8,"2,362",528.0,558.0,566.0,561.0,669.0,586.0,Cabañas,6143.0,8990.0,5244.0,14.6,2966.0,3177.0,0.93,Zona central
AGUA CALIENTE,66.3,61.8,60.2,"2,442",533.0,602.0,618.0,607.0,688.0,610.0,Chalatenango,8027.0,205.0,5977.0,25.5,385.0,4177.0,0.92,Zona central
ARCATAO,65.7,68.2,63.5,"1,943",495.0,635.0,682.0,651.0,678.0,608.0,Chalatenango,2895.0,4880.0,2407.0,16.9,1532.0,1363.0,1.12,Zona central
AZACUALPA,68.3,76.5,80.4,"3,027",569.0,804.0,765.0,791.0,721.0,694.0,Chalatenango,154.0,8250.0,7150.0,53.6,7320.0,8080.0,0.91,Zona central
CHALATENANGO,67.5,67.2,80.8,"4,298",628.0,808.0,672.0,763.0,709.0,700.0,Chalatenango,31544.0,13659.0,17885.0,43.3,15117.0,16427.0,0.92,Zona central
CITALÁ,67.3,61.5,69.1,"3,205",579.0,691.0,615.0,666.0,705.0,650.0,Chalatenango,4822.0,1922.0,29.0,39.9,2229.0,2593.0,0.86,Zona central
COMALAPA,65.6,73.2,75.0,"2,274",521.0,750.0,732.0,744.0,676.0,647.0,Chalatenango,4364.0,6850.0,3679.0,15.7,209.0,2274.0,0.92,Zona central
CONCEPCIÓN QUEZALTEPEQUE,67.6,60.6,75.8,"2,535",540.0,758.0,606.0,708.0,710.0,652.0,Chalatenango,638.0,2818.0,3561.0,44.2,2996.0,3384.0,0.89,Zona central
DULCE NOMBRE DE MARÍA,66.7,68.7,73.3,"3,135",575.0,733.0,687.0,718.0,694.0,662.0,Chalatenango,5745.0,178.0,3965.0,31.0,2689.0,3056.0,0.88,Zona central
EL CARRIZAL,65.7,62.7,72.4,"1,805",483.0,724.0,627.0,692.0,678.0,617.0,Chalatenango,2757.0,4600.0,2298.0,16.7,128.0,1477.0,0.87,Zona central
EL PARAÍSO,67.1,72.8,77.3,"3,460",592.0,773.0,728.0,758.0,702.0,684.0,Chalatenango,9965.0,3754.0,6211.0,37.7,4807.0,5157.0,0.93,Zona central
LA LAGUNA,65.6,61.6,65.7,"1,772",480.0,657.0,616.0,643.0,676.0,600.0,Chalatenango,5111.0,7830.0,4328.0,15.3,2458.0,2653.0,0.93,Zona central
LA PALMA,67.0,64.8,71.2,"3,278",582.0,712.0,648.0,691.0,699.0,658.0,Chalatenango,11647.0,4102.0,7545.0,35.2,5595.0,6052.0,0.92,Zona central
LA REINA,66.3,64.5,75.7,"2,905",562.0,757.0,645.0,719.0,689.0,657.0,Chalatenango,7796.0,2035.0,5761.0,26.1,3683.0,4113.0,0.9,Zona central
LAS VUELTAS,65.4,65.4,66.1,"1,607",463.0,661.0,654.0,659.0,674.0,599.0,Chalatenango,2045.0,2790.0,1766.0,13.7,1041.0,1004.0,1.04,Zona central
NOMBRE DE JESÚS,66.1,72.9,64.1,"2,135",511.0,641.0,729.0,670.0,686.0,622.0,Chalatenango,4341.0,1022.0,3319.0,23.6,2135.0,2206.0,0.97,Zona central
NUEVA CONCEPCIÓN,66.1,62.2,67.5,"3,563",596.0,675.0,622.0,658.0,686.0,646.0,Chalatenango,3197.0,7497.0,24473.0,23.5,15629.0,16341.0,0.96,Zona central
NUEVA TRINIDAD,65.1,76.4,65.6,"1,969",497.0,656.0,764.0,692.0,668.0,619.0,Chalatenango,1896.0,1650.0,1731.0,8.7,101.0,8860.0,1.14,Zona central
OJOS DE AGUA,66.3,62.8,60.9,"1,727",475.0,609.0,628.0,615.0,688.0,593.0,Chalatenango,3536.0,9090.0,2627.0,25.7,1635.0,1901.0,0.86,Zona central
POTONICO,69.1,66.5,81.0,"1,882",490.0,810.0,665.0,762.0,734.0,662.0,Chalatenango,1579.0,1024.0,5550.0,64.9,7600.0,8190.0,0.93,Zona central
SAN ANTONIO DE LA CRUZ,64.7,73.9,61.9,"2,042",504.0,619.0,739.0,659.0,662.0,608.0,Chalatenango,2113.0,770.0,2036.0,3.6,1058.0,1055.0,1.0,Zona central
SAN ANTONIO LOS RANCHOS,70.2,72.9,73.1,"1,929",494.0,731.0,729.0,730.0,754.0,659.0,Chalatenango,1485.0,1209.0,2760.0,81.4,7370.0,7480.0,0.99,Zona central
SAN FERNANDO,66.1,63.3,66.5,"1,472",449.0,665.0,633.0,654.0,685.0,596.0,Chalatenango,2819.0,6530.0,2166.0,23.2,1464.0,1355.0,1.08,Zona central
SAN FRANCISCO LEMPA,68.8,89.0,72.4,"3,513",594.0,724.0,890.0,780.0,731.0,701.0,Chalatenango,1065.0,6570.0,4080.0,61.7,5220.0,5430.0,0.96,Zona central
SAN FRANCISCO MORAZÁN,66.2,69.7,65.7,"1,591",462.0,657.0,697.0,670.0,687.0,606.0,Chalatenango,2718.0,6620.0,2056.0,24.4,1386.0,1332.0,1.04,Zona central
SAN IGNACIO,66.9,70.5,75.3,"3,705",603.0,753.0,705.0,737.0,698.0,679.0,Chalatenango,656.0,2254.0,4306.0,34.4,3024.0,3536.0,0.86,Zona central
SAN ISIDRO LABRADOR,66.6,78.1,71.5,"1,610",464.0,715.0,781.0,737.0,693.0,631.0,Chalatenango,3760.0,1130.0,2630.0,30.1,2110.0,1650.0,1.28,Zona central
SAN JOSÉ CANCASQUE,67.3,69.2,64.3,"1,416",442.0,643.0,692.0,660.0,705.0,602.0,Chalatenango,1911.0,7580.0,1153.0,39.7,9620.0,9490.0,1.01,Zona central
SAN JOSÉ LAS FLORES,66.6,77.3,74.1,"1,923",493.0,741.0,773.0,751.0,693.0,646.0,Chalatenango,2072.0,6170.0,1455.0,29.8,1029.0,1043.0,0.99,Zona central
SAN LUIS DEL CARMEN,66.4,75.4,80.2,"2,365",528.0,802.0,754.0,786.0,689.0,668.0,Chalatenango,17.0,4520.0,1248.0,26.6,8150.0,8850.0,0.92,Zona central
SAN MIGUEL DE MERCEDES,67.7,70.4,78.6,"3,346",586.0,786.0,704.0,759.0,712.0,686.0,Chalatenango,2438.0,1118.0,132.0,45.9,1306.0,1132.0,1.15,Zona central
SAN RAFAEL,67.3,65.8,78.7,"4,309",628.0,787.0,658.0,744.0,705.0,692.0,Chalatenango,4464.0,1789.0,2675.0,40.1,2023.0,2441.0,0.83,Zona central
SANTA RITA,65.6,65.3,76.2,"3,181",577.0,762.0,653.0,725.0,676.0,660.0,Chalatenango,488.0,7520.0,4128.0,15.4,2479.0,2401.0,1.03,Zona central
TEJUTLA,65.1,65.5,75.0,"3,360",587.0,750.0,655.0,718.0,668.0,658.0,Chalatenango,15703.0,1379.0,14324.0,8.8,7776.0,7927.0,0.98,Zona central
CANDELARIA,68.7,56.4,81.1,"2,553",541.0,811.0,564.0,729.0,728.0,666.0,Cuscatlán,10259.0,1792.0,8467.0,17.5,4798.0,5461.0,0.88,Zona central
COJUTEPEQUE,72.6,66.1,87.7,"4,779",645.0,877.0,661.0,805.0,794.0,748.0,Cuscatlán,4839.0,35522.0,12868.0,73.4,2282.0,2557.0,0.89,Zona central
EL CARMEN,68.0,57.3,74.3,"2,790",556.0,743.0,573.0,686.0,716.0,653.0,Cuscatlán,12409.0,8870.0,11521.0,7.2,6102.0,6306.0,0.97,Zona central
EL ROSARIO,69.4,58.4,76.1,"2,302",523.0,761.0,584.0,702.0,740.0,655.0,Cuscatlán,3757.0,1032.0,2725.0,27.5,1857.0,1901.0,0.98,Zona central
MONTE SAN JUAN,68.2,53.2,71.6,"2,067",506.0,716.0,532.0,654.0,719.0,626.0,Cuscatlán,8973.0,8890.0,8084.0,9.9,4398.0,4575.0,0.96,Zona central
ORATORIO DE CONCEPCIÓN,70.2,66.4,83.6,"3,068",571.0,836.0,664.0,779.0,753.0,701.0,Cuscatlán,2567.0,9910.0,1576.0,38.6,1268.0,1299.0,0.98,Zona central
SAN BARTOLOMÉ PERULAPÍA,70.8,70.5,86.9,"4,444",633.0,869.0,705.0,814.0,764.0,737.0,Cuscatlán,6892.0,3292.0,36.0,47.8,322.0,3672.0,0.88,Zona central
SAN CRISTÓBAL,68.4,51.9,78.1,"1,966",497.0,781.0,519.0,693.0,723.0,638.0,Cuscatlán,7123.0,9410.0,6182.0,13.2,3572.0,3551.0,1.01,Zona central
SAN JOSE GUAYABAL,70.3,64.2,77.9,"2,630",546.0,779.0,642.0,733.0,754.0,678.0,Cuscatlán,1064.0,4218.0,6422.0,39.6,5406.0,5234.0,1.03,Zona central
SAN PEDRO PERULAPÁN,67.7,63.1,80.0,"3,305",584.0,800.0,631.0,744.0,712.0,680.0,Cuscatlán,30476.0,126.0,29216.0,4.1,14896.0,1558.0,0.96,Zona central
SAN RAFAEL CEDROS,70.0,58.7,78.6,"5,266",662.0,786.0,587.0,720.0,751.0,711.0,Cuscatlán,1203.0,4403.0,7627.0,36.6,5774.0,6257.0,0.92,Zona central
SAN RAMÓN,69.2,66.0,80.8,"2,357",527.0,808.0,660.0,759.0,737.0,675.0,Cuscatlán,4628.0,1174.0,3455.0,25.4,2211.0,2417.0,0.91,Zona central
SANTA CRUZ ANALQUITO,71.6,48.3,82.9,"2,774",555.0,829.0,483.0,714.0,776.0,681.0,Cuscatlán,2384.0,1385.0,9990.0,58.1,1219.0,1164.0,1.05,Zona central
SANTA CRUZ MICHAPA,69.1,55.2,78.8,"3,846",609.0,788.0,552.0,710.0,735.0,685.0,Cuscatlán,12804.0,2986.0,9818.0,23.3,6357.0,6447.0,0.99,Zona central
SUCHITOTO,68.5,69.1,74.7,"2,594",543.0,747.0,691.0,728.0,725.0,666.0,Cuscatlán,17869.0,2714.0,15155.0,15.2,8999.0,8869.0,1.01,Zona central
TENANCINGO,68.1,68.1,77.5,"2,714",551.0,775.0,681.0,744.0,719.0,671.0,Cuscatlán,7858.0,7750.0,7083.0,9.9,3953.0,3905.0,1.01,Zona central
ANTIGUO CUSCATLÁN,74.3,88.1,96.3,"16,491",852.0,963.0,881.0,936.0,821.0,870.0,La Libertad,42537.0,39618.0,2919.0,93.1,1979.0,22747.0,0.87,Zona central
CHILTIUPÁN,68.7,64.7,64.8,"2,222",518.0,648.0,647.0,648.0,729.0,631.0,La Libertad,10988.0,1587.0,9401.0,14.4,5559.0,5429.0,1.02,Zona central
CIUDAD ARCE,68.8,58.2,82.9,"4,222",625.0,829.0,582.0,747.0,730.0,701.0,La Libertad,52643.0,8277.0,44366.0,15.7,25742.0,26901.0,0.96,Zona central
COLÓN,71.6,64.3,85.3,"5,005",653.0,853.0,643.0,783.0,777.0,738.0,La Libertad,658.0,3617.0,29629.0,55.0,31973.0,33827.0,0.95,Zona central
COMASAGUA,69.0,49.8,71.0,"2,060",505.0,710.0,498.0,639.0,733.0,626.0,La Libertad,11155.0,1971.0,9184.0,17.7,6095.0,506.0,1.2,Zona central
HUIZÚCAR,68.1,55.7,72.2,"2,332",526.0,722.0,557.0,667.0,719.0,637.0,La Libertad,1056.0,6340.0,9926.0,6.0,5056.0,5504.0,0.92,Zona central
JAYAQUE,69.3,51.2,77.6,"3,406",589.0,776.0,512.0,688.0,739.0,672.0,La Libertad,12376.0,2869.0,9507.0,23.2,6135.0,6241.0,0.98,Zona central
JICALAPA,69.1,44.6,63.8,"1,951",496.0,638.0,446.0,574.0,735.0,601.0,La Libertad,6056.0,1183.0,4873.0,19.5,3165.0,2891.0,1.1,Zona central
LA LIBERTAD,70.4,53.7,77.6,"3,577",597.0,776.0,537.0,696.0,756.0,683.0,La Libertad,39173.0,14741.0,24432.0,37.6,19017.0,20156.0,0.94,Zona central
NUEVA SAN SALVADOR,74.0,82.4,92.4,"10,203",772.0,924.0,824.0,891.0,817.0,826.0,La Libertad,175286.0,155929.0,19357.0,89.0,78122.0,97164.0,0.8,Zona central
NUEVO CUSCATLAN,74.8,68.3,85.1,"6,082",686.0,851.0,683.0,795.0,830.0,770.0,La Libertad,7981.0,7981.0,0.0,100.0,3657.0,4324.0,0.85,Zona central
QUEZALTEPEQUE,70.6,60.6,81.0,"4,480",635.0,810.0,606.0,742.0,761.0,712.0,La Libertad,67376.0,27977.0,39399.0,41.5,32918.0,34458.0,0.96,Zona central
SACACOYO,69.3,51.6,79.9,"4,249",626.0,799.0,516.0,704.0,738.0,689.0,La Libertad,13774.0,3047.0,10727.0,22.1,6634.0,714.0,0.93,Zona central
SAN JOSÉ VILLANUEVA,70.6,58.3,77.4,"3,542",595.0,774.0,583.0,710.0,760.0,688.0,La Libertad,9342.0,3787.0,5555.0,40.5,4603.0,4739.0,0.97,Zona central
SAN JUAN OPICO,68.5,62.6,81.1,"3,758",605.0,811.0,626.0,749.0,726.0,693.0,La Libertad,66678.0,7874.0,58804.0,11.8,31809.0,3487.0,0.91,Zona central
SAN MATÍAS,69.2,58.3,75.2,"3,134",575.0,752.0,583.0,696.0,737.0,669.0,La Libertad,77.0,1659.0,6041.0,21.5,3687.0,4013.0,0.92,Zona central
SAN PABLO TACACHICO,68.8,57.5,70.0,"3,047",570.0,700.0,575.0,659.0,730.0,653.0,La Libertad,18707.0,2834.0,15873.0,15.2,9527.0,918.0,1.04,Zona central
TALNIQUE,68.6,48.2,74.1,"2,940",564.0,741.0,482.0,654.0,727.0,649.0,La Libertad,67.0,8720.0,5828.0,13.0,3311.0,3389.0,0.98,Zona central
TAMANIQUE,68.7,48.9,66.6,"2,438",533.0,666.0,489.0,607.0,728.0,623.0,La Libertad,12493.0,1694.0,10799.0,13.6,6505.0,5988.0,1.09,Zona central
TEOTEPEQUE,68.5,59.9,67.8,"2,229",518.0,678.0,599.0,652.0,725.0,631.0,La Libertad,14108.0,1556.0,12552.0,11.0,7124.0,6984.0,1.02,Zona central
TEPECOYO,70.8,54.7,74.8,"2,939",564.0,748.0,547.0,681.0,764.0,670.0,La Libertad,11638.0,5121.0,6517.0,44.0,567.0,5968.0,0.95,Zona central
ZARAGOZA,70.5,59.3,80.5,"3,615",599.0,805.0,593.0,735.0,758.0,697.0,La Libertad,25139.0,993.0,15208.0,39.5,13094.0,12045.0,1.09,Zona central
CUYULTITÁN,69.0,70.5,82.6,"5,328",664.0,826.0,705.0,786.0,733.0,727.0,La Paz,5636.0,1995.0,3641.0,35.4,2815.0,2821.0,1.0,Zona central
EL ROSARIO,69.9,52.8,78.3,"4,894",649.0,783.0,528.0,698.0,748.0,699.0,La Paz,12817.0,6173.0,6644.0,48.2,6201.0,6615.0,0.94,Zona central
JERUSALÉN,68.9,68.4,80.2,"3,194",578.0,802.0,684.0,763.0,732.0,691.0,La Paz,2138.0,7260.0,1413.0,33.9,108.0,1059.0,1.02,Zona central
MERCEDES LA CEIBA,72.2,61.2,84.0,"3,804",607.0,840.0,612.0,764.0,787.0,719.0,La Paz,6630.0,5390.0,1240.0,81.2,3470.0,3160.0,1.1,Zona central
OLOCUILTA,70.3,60.9,85.9,"5,369",665.0,859.0,609.0,776.0,755.0,732.0,La Paz,3316.0,17736.0,15424.0,53.5,16352.0,16808.0,0.97,Zona central
PARAÍSO DE OSORIO,72.2,58.5,80.2,"2,011",501.0,802.0,585.0,729.0,786.0,672.0,La Paz,2933.0,2345.0,5880.0,80.0,144.0,1493.0,0.96,Zona central
SAN ANTONIO MASAHUAT,70.6,67.8,79.1,"3,119",574.0,791.0,678.0,753.0,760.0,696.0,La Paz,4047.0,2359.0,1688.0,58.3,1945.0,2102.0,0.93,Zona central
SAN EMIGDIO,69.9,66.7,76.7,"2,413",531.0,767.0,667.0,734.0,748.0,671.0,La Paz,2689.0,1287.0,1402.0,47.9,1385.0,1304.0,1.06,Zona central
SAN FRANCISCO CHINAMECA,68.6,54.7,77.8,"2,846",559.0,778.0,547.0,701.0,726.0,662.0,La Paz,6186.0,1802.0,4384.0,29.1,3077.0,311.0,0.99,Zona central
SAN JUAN NONUALCO,68.2,68.1,77.9,"3,122",574.0,779.0,681.0,746.0,720.0,680.0,La Paz,14208.0,3396.0,10812.0,23.9,6795.0,7413.0,0.92,Zona central
SAN JUAN TALPA,69.7,56.6,84.5,"4,285",627.0,845.0,566.0,752.0,745.0,708.0,La Paz,6802.0,3104.0,3698.0,45.6,3109.0,3693.0,0.84,Zona central
SAN JUAN TEPEZONTES,70.3,65.5,81.5,"2,465",535.0,815.0,655.0,761.0,755.0,684.0,La Paz,3171.0,1698.0,1473.0,53.5,1562.0,1608.0,0.97,Zona central
SAN LUIS LA HERRADURA,68.7,56.4,72.8,"3,578",597.0,728.0,564.0,673.0,728.0,666.0,La Paz,19482.0,6008.0,13474.0,30.8,9578.0,9904.0,0.97,Zona central
SAN LUIS TALPA,68.4,51.9,77.3,"3,488",593.0,773.0,519.0,688.0,723.0,668.0,La Paz,1606.0,4249.0,11811.0,26.5,765.0,841.0,0.91,Zona central
SAN MIGUEL TEPEZONTES,71.7,51.4,82.8,"2,457",534.0,828.0,514.0,723.0,779.0,679.0,La Paz,4629.0,3418.0,1211.0,73.8,2205.0,2424.0,0.91,Zona central
SAN PEDRO MASAHUAT,67.2,59.4,76.8,"3,353",586.0,768.0,594.0,710.0,703.0,666.0,La Paz,24694.0,2372.0,22321.0,9.6,12307.0,12387.0,0.99,Zona central
SAN PEDRO NONUALCO,69.5,56.4,81.1,"2,692",550.0,811.0,564.0,729.0,741.0,673.0,La Paz,9421.0,3951.0,547.0,41.9,4719.0,4702.0,1.0,Zona central
SAN RAFAEL OBRAJUELO,69.5,66.0,82.3,"3,855",610.0,823.0,660.0,769.0,742.0,707.0,La Paz,10287.0,4384.0,5903.0,42.6,4797.0,549.0,0.87,Zona central
SANTA MARIA OSTUMA,68.5,58.9,77.1,"2,370",528.0,771.0,589.0,711.0,725.0,655.0,La Paz,566.0,1585.0,4075.0,28.0,2855.0,2805.0,1.02,Zona central
SANTIAGO NONUALCO,68.1,64.6,81.8,"3,228",580.0,818.0,646.0,761.0,719.0,687.0,La Paz,35832.0,8351.0,27481.0,23.3,17303.0,1853.0,0.93,Zona central
TAPALHUACA,68.5,64.1,76.3,"2,581",543.0,763.0,641.0,722.0,724.0,663.0,La Paz,3612.0,1006.0,2606.0,27.9,1795.0,1817.0,0.99,Zona central
ZACATECOLUCA,70.6,64.2,79.7,"4,230",625.0,797.0,642.0,745.0,760.0,710.0,La Paz,62627.0,36504.0,26123.0,58.3,29747.0,3288.0,0.9,Zona central
ANAMORÓS,68.6,53.2,56.6,"3,017",569.0,566.0,532.0,555.0,726.0,616.0,La Unión,15332.0,206.0,13272.0,13.4,6806.0,8526.0,0.8,Zona oriental
BOLÍVAR,68.9,59.8,72.9,"3,201",579.0,729.0,598.0,685.0,732.0,665.0,La Unión,5029.0,9410.0,4088.0,18.7,2311.0,2718.0,0.85,Zona oriental
CONCEPCIÓN DE ORIENTE,68.7,55.4,56.9,"3,203",579.0,569.0,554.0,564.0,728.0,623.0,La Unión,6449.0,9620.0,5486.0,14.9,2794.0,3655.0,0.76,Zona oriental
CONCHAGUA,68.0,55.3,64.7,"3,168",577.0,647.0,553.0,615.0,717.0,636.0,La Unión,42229.0,2249.0,3998.0,5.3,20598.0,21632.0,0.95,Zona oriental
EL CARMEN,68.4,63.6,70.4,"3,984",615.0,704.0,636.0,682.0,723.0,673.0,La Unión,15512.0,1624.0,13888.0,10.5,7278.0,8234.0,0.88,Zona oriental
EL SAUCE,68.6,54.9,62.4,"3,141",575.0,624.0,549.0,599.0,726.0,634.0,La Unión,8779.0,1209.0,757.0,13.8,4256.0,4523.0,0.94,Zona oriental
INTIPUCÁ,70.3,57.4,63.0,"4,010",616.0,630.0,574.0,612.0,755.0,661.0,La Unión,7201.0,2727.0,4474.0,37.9,3422.0,3779.0,0.91,Zona oriental
LA UNIÓN,71.8,63.2,74.0,"5,053",655.0,740.0,632.0,704.0,781.0,713.0,La Unión,40182.0,24026.0,16157.0,59.8,18928.0,21254.0,0.89,Zona oriental
LISLIQUE,68.2,52.6,48.4,"1,892",491.0,484.0,526.0,498.0,721.0,570.0,La Unión,1379.0,1222.0,12568.0,8.9,6626.0,7164.0,0.93,Zona oriental
MEANGUERA DEL GOLFO,70.6,52.7,63.5,"3,408",589.0,635.0,527.0,599.0,761.0,650.0,La Unión,3368.0,1444.0,1924.0,42.9,1601.0,1767.0,0.91,Zona oriental
NUEVA ESPARTA,68.6,55.7,59.5,"2,496",537.0,595.0,557.0,582.0,726.0,615.0,La Unión,133.0,182.0,1148.0,13.7,6253.0,7047.0,0.89,Zona oriental
PASAQUINA,68.3,63.0,67.4,"4,432",633.0,674.0,630.0,660.0,722.0,671.0,La Unión,21509.0,2086.0,19423.0,9.7,10413.0,11096.0,0.94,Zona oriental
POLORÓS,68.5,59.3,66.0,"2,988",567.0,660.0,593.0,638.0,725.0,643.0,La Unión,9459.0,1179.0,828.0,12.5,4254.0,5205.0,0.82,Zona oriental
SAN ALEJO,68.9,51.9,66.0,"3,284",583.0,660.0,519.0,613.0,732.0,643.0,La Unión,22793.0,4241.0,18552.0,18.6,11401.0,11392.0,1.0,Zona oriental
SAN JOSE,69.8,61.9,60.7,"2,618",545.0,607.0,619.0,611.0,747.0,634.0,La Unión,3975.0,1243.0,2733.0,31.3,1852.0,2123.0,0.87,Zona oriental
SANTA ROSA DE LIMA,69.9,64.0,73.7,"5,367",665.0,737.0,640.0,704.0,748.0,706.0,La Unión,28335.0,91.0,19235.0,32.1,13256.0,15079.0,0.88,Zona oriental
YAYANTIQUE,69.4,49.0,60.0,"2,912",563.0,600.0,490.0,563.0,739.0,622.0,La Unión,5412.0,1336.0,4076.0,24.7,2534.0,2878.0,0.88,Zona oriental
YUCUAIQUÍN,68.8,59.0,67.5,"2,992",567.0,675.0,590.0,647.0,730.0,648.0,La Unión,8694.0,1456.0,7238.0,16.8,4124.0,457.0,0.9,Zona oriental
ARAMBALA,65.4,58.8,68.1,"2,330",526.0,681.0,588.0,650.0,673.0,616.0,Morazán,2125.0,1210.0,2005.0,5.7,1086.0,1039.0,1.05,Zona oriental
CACAOPERA,66.2,56.0,47.0,"2,249",520.0,470.0,560.0,500.0,687.0,569.0,Morazán,9351.0,1654.0,7697.0,17.7,4342.0,5009.0,0.87,Zona oriental
CHILANGA,66.5,56.6,56.2,"2,350",527.0,562.0,566.0,563.0,692.0,594.0,Morazán,8358.0,1864.0,6494.0,22.3,3829.0,4529.0,0.85,Zona oriental
CORINTO,66.7,55.9,46.2,"2,291",523.0,462.0,559.0,494.0,695.0,571.0,Morazán,16402.0,4077.0,12325.0,24.9,774.0,8662.0,0.89,Zona oriental
DELICIAS DE CONCEPCIÓN,68.1,60.6,69.8,"2,795",556.0,698.0,606.0,667.0,719.0,647.0,Morazán,4749.0,2137.0,2612.0,45.0,2273.0,2476.0,0.92,Zona oriental
EL DIVISADERO,66.2,60.7,70.0,"3,179",577.0,700.0,607.0,669.0,687.0,644.0,Morazán,8658.0,1514.0,7144.0,17.5,384.0,4818.0,0.8,Zona oriental
EL ROSARIO,66.8,77.2,76.7,"2,536",540.0,767.0,772.0,769.0,696.0,668.0,Morazán,1076.0,2760.0,8000.0,25.6,4950.0,5810.0,0.85,Zona oriental
GUALOCOCTI,66.6,57.4,63.2,"1,485",450.0,632.0,574.0,613.0,693.0,585.0,Morazán,309.0,7100.0,238.0,23.0,1577.0,1513.0,1.04,Zona oriental
GUATAJIAGUA,67.9,58.1,50.4,"1,645",467.0,504.0,581.0,530.0,715.0,571.0,Morazán,10907.0,4507.0,64.0,41.3,5311.0,5596.0,0.95,Zona oriental
JOATECA,66.2,59.0,67.7,"2,045",504.0,677.0,590.0,648.0,687.0,613.0,Morazán,4176.0,7460.0,343.0,17.9,2172.0,2004.0,1.08,Zona oriental
JOCOAITIQUE,65.8,71.1,68.5,"2,140",511.0,685.0,711.0,693.0,679.0,628.0,Morazán,2325.0,2610.0,2064.0,11.2,1128.0,1197.0,0.94,Zona oriental
JOCORO,68.0,64.6,75.9,"4,966",652.0,759.0,646.0,721.0,717.0,697.0,Morazán,9706.0,4216.0,549.0,43.4,4681.0,5025.0,0.93,Zona oriental
LOLOTIQUILLO,66.2,57.2,57.3,"2,292",523.0,573.0,572.0,573.0,687.0,594.0,Morazán,4867.0,8700.0,3997.0,17.9,2299.0,2568.0,0.9,Zona oriental
MEANGUERA,65.3,73.4,78.2,"2,281",522.0,782.0,734.0,766.0,671.0,653.0,Morazán,7781.0,3140.0,7467.0,4.0,3661.0,412.0,0.89,Zona oriental
OSICALA,66.3,51.0,69.7,"2,635",546.0,697.0,510.0,634.0,689.0,623.0,Morazán,9648.0,185.0,7798.0,19.2,4579.0,5069.0,0.9,Zona oriental
PERQUÍN,66.3,67.2,76.1,"2,902",562.0,761.0,672.0,732.0,688.0,661.0,Morazán,3472.0,6410.0,2831.0,18.4,1662.0,181.0,0.92,Zona oriental
SAN CARLOS,66.0,57.4,74.2,"3,946",613.0,742.0,574.0,686.0,683.0,661.0,Morazán,387.0,5410.0,3329.0,14.0,1881.0,1989.0,0.95,Zona oriental
SAN FERNANDO,66.2,68.7,78.3,"2,004",500.0,783.0,687.0,751.0,687.0,646.0,Morazán,1924.0,3420.0,1582.0,17.8,9330.0,9910.0,0.94,Zona oriental
SAN FRANCISCO GOTERA,68.7,68.3,73.2,"4,516",636.0,732.0,683.0,716.0,729.0,694.0,Morazán,22716.0,12129.0,10587.0,53.4,10532.0,12184.0,0.86,Zona oriental
SAN ISIDRO,65.9,70.7,69.5,"1,709",474.0,695.0,707.0,699.0,681.0,618.0,Morazán,3543.0,4440.0,3099.0,12.5,1634.0,1909.0,0.86,Zona oriental
SAN SIMÓN,66.4,59.3,67.1,"1,885",490.0,671.0,593.0,645.0,689.0,608.0,Morazán,8062.0,1582.0,648.0,19.6,3981.0,4081.0,0.98,Zona oriental
SENSEMBRA,66.8,49.9,59.3,"2,335",526.0,593.0,499.0,562.0,696.0,595.0,Morazán,3127.0,8040.0,2323.0,25.7,1412.0,1715.0,0.82,Zona oriental
SOCIEDAD,66.2,54.6,57.9,"2,977",566.0,579.0,546.0,568.0,686.0,607.0,Morazán,10504.0,1772.0,8732.0,16.9,5053.0,5451.0,0.93,Zona oriental
TOROLA,66.3,64.4,58.5,"1,269",424.0,585.0,644.0,605.0,688.0,572.0,Morazán,1801.0,3360.0,1465.0,18.6,8560.0,9450.0,0.91,Zona oriental
YAMABAL,65.9,60.9,59.2,"2,338",526.0,592.0,609.0,597.0,682.0,602.0,Morazán,388.0,5210.0,3359.0,13.4,1791.0,2089.0,0.86,Zona oriental
YOLOAIQUÍN,66.4,54.6,64.6,"3,164",577.0,646.0,546.0,612.0,691.0,627.0,Morazán,3771.0,7910.0,298.0,21.0,1723.0,2048.0,0.84,Zona oriental
CAROLINA,68.7,56.0,53.8,"1,967",497.0,538.0,560.0,545.0,729.0,591.0,San Miguel,10202.0,1813.0,8389.0,17.8,4959.0,5243.0,0.95,Zona oriental
CHAPELTIQUE,69.3,64.9,66.4,"4,098",620.0,664.0,649.0,659.0,738.0,672.0,San Miguel,10394.0,2607.0,7786.0,25.1,5161.0,5232.0,0.99,Zona oriental
CHINAMECA,69.7,62.2,77.0,"3,826",608.0,770.0,622.0,721.0,744.0,691.0,San Miguel,21275.0,6537.0,14738.0,30.7,10076.0,11199.0,0.9,Zona oriental
CHIRILAGUA,68.9,55.0,58.7,"3,556",596.0,587.0,550.0,575.0,732.0,634.0,San Miguel,23421.0,4818.0,18603.0,20.6,11507.0,11914.0,0.97,Zona oriental
CIUDAD BARRIOS,69.5,57.9,60.0,"2,810",557.0,600.0,579.0,593.0,741.0,630.0,San Miguel,29665.0,8346.0,21318.0,28.1,13615.0,16049.0,0.85,Zona oriental
COMACARÁN,68.2,58.8,71.5,"3,414",589.0,715.0,588.0,673.0,720.0,661.0,San Miguel,3902.0,4030.0,3499.0,10.3,1883.0,202.0,0.93,Zona oriental
EL TRÁNSITO,70.2,57.1,64.6,"4,192",624.0,646.0,571.0,621.0,754.0,666.0,San Miguel,18944.0,7371.0,11573.0,38.9,9065.0,9879.0,0.92,Zona oriental
LOLOTIQUE,68.6,65.6,70.8,"3,062",571.0,708.0,656.0,691.0,727.0,663.0,San Miguel,13883.0,2228.0,11655.0,16.0,6999.0,6884.0,1.02,Zona oriental
MONCAGUA,67.9,49.1,70.6,"2,602",544.0,706.0,491.0,635.0,715.0,631.0,San Miguel,27378.0,1704.0,25674.0,6.2,12939.0,14439.0,0.9,Zona oriental
NUEVA GUADALUPE,73.1,78.4,81.2,"5,129",657.0,812.0,784.0,802.0,801.0,754.0,San Miguel,8225.0,6489.0,1736.0,78.9,3839.0,4386.0,0.88,Zona oriental
NUEVO EDÉN DE SAN JUAN,68.9,58.6,56.1,"2,337",526.0,561.0,586.0,569.0,731.0,609.0,San Miguel,316.0,6270.0,2533.0,19.8,152.0,164.0,0.93,Zona oriental
QUELEPA,68.1,59.8,72.7,"4,469",634.0,727.0,598.0,684.0,718.0,679.0,San Miguel,7462.0,6450.0,6817.0,8.6,349.0,3972.0,0.88,Zona oriental
SAN ANTONIO DEL MOSCO,68.4,62.9,51.0,"1,441",445.0,510.0,629.0,550.0,724.0,573.0,San Miguel,6373.0,8460.0,5527.0,13.3,3006.0,3367.0,0.89,Zona oriental
SAN GERARDO,69.4,61.5,55.3,"2,991",567.0,553.0,615.0,574.0,740.0,627.0,San Miguel,5563.0,1495.0,4067.0,26.9,2573.0,299.0,0.86,Zona oriental
SAN JORGE,70.5,60.1,68.1,"2,930",564.0,681.0,601.0,654.0,758.0,659.0,San Miguel,9461.0,3991.0,547.0,42.2,4441.0,502.0,0.88,Zona oriental
SAN LUIS DE LA REINA,68.6,53.9,57.9,"2,587",543.0,579.0,539.0,566.0,727.0,612.0,San Miguel,6845.0,1074.0,5771.0,15.7,3146.0,3699.0,0.85,Zona oriental
SAN MIGUEL,71.4,63.3,80.4,"5,449",667.0,804.0,633.0,747.0,774.0,729.0,San Miguel,242246.0,134782.0,107464.0,55.6,11317.0,129076.0,0.88,Zona oriental
SAN RAFAEL ORIENTE,70.4,67.8,70.1,"4,111",620.0,701.0,678.0,694.0,756.0,690.0,San Miguel,1512.0,6172.0,8948.0,40.8,7235.0,7885.0,0.92,Zona oriental
SESORI,68.2,64.3,57.8,"2,740",553.0,578.0,643.0,600.0,720.0,624.0,San Miguel,11371.0,1155.0,10216.0,10.2,5507.0,5863.0,0.94,Zona oriental
ULUAZAPA,68.9,53.3,68.2,"2,795",556.0,682.0,533.0,632.0,732.0,640.0,San Miguel,4368.0,8990.0,3469.0,20.6,214.0,2228.0,0.96,Zona oriental
AGUILARES,71.2,67.5,81.8,"4,572",638.0,818.0,675.0,770.0,771.0,726.0,San Salvador,26592.0,20627.0,5964.0,77.6,12945.0,13647.0,0.95,Zona central
APOPA,72.0,63.4,88.1,"5,075",655.0,881.0,634.0,799.0,784.0,746.0,San Salvador,154349.0,136982.0,17367.0,88.7,72268.0,82081.0,0.88,Zona central
AYUTUXTEPEQUE,71.3,72.7,90.5,"7,247",715.0,905.0,727.0,845.0,771.0,777.0,San Salvador,39471.0,30796.0,8675.0,78.0,18473.0,20999.0,0.88,Zona central
CUSCATANCINGO,72.8,68.3,92.8,"5,833",679.0,928.0,683.0,846.0,797.0,774.0,San Salvador,88834.0,88834.0,0.0,100.0,41581.0,47253.0,0.88,Zona central
DELGADO,70.9,66.7,91.1,"5,397",666.0,911.0,667.0,829.0,766.0,754.0,San Salvador,146382.0,107039.0,39343.0,73.1,68909.0,77474.0,0.89,Zona central
EL PAISNAL,66.4,63.0,78.9,"3,017",569.0,789.0,630.0,736.0,689.0,665.0,San Salvador,15167.0,1273.0,13894.0,8.4,6672.0,8495.0,0.79,Zona central
GUAZAPA,68.8,65.3,80.6,"4,052",618.0,806.0,653.0,755.0,730.0,701.0,San Salvador,23937.0,10334.0,13603.0,43.2,11825.0,12111.0,0.98,Zona central
ILOPANGO,72.2,70.4,92.5,"6,521",697.0,925.0,704.0,851.0,786.0,778.0,San Salvador,126176.0,114222.0,11954.0,90.5,60151.0,66025.0,0.91,Zona central
MEJICANOS,72.6,78.8,93.7,"9,187",754.0,937.0,788.0,887.0,794.0,812.0,San Salvador,200917.0,194589.0,6328.0,96.9,95533.0,105385.0,0.91,Zona central
NEJAPA,66.8,56.5,78.3,"3,392",588.0,783.0,565.0,710.0,697.0,665.0,San Salvador,24775.0,377.0,21005.0,15.2,12143.0,12632.0,0.96,Zona central
PANCHIMALCO,66.7,62.4,76.9,"3,544",595.0,769.0,624.0,721.0,695.0,671.0,San Salvador,42373.0,571.0,36663.0,13.5,20383.0,2199.0,0.93,Zona central
ROSARIO DE MORA,68.9,59.1,72.0,"2,993",567.0,720.0,591.0,677.0,731.0,659.0,San Salvador,13059.0,5765.0,7294.0,44.1,6346.0,6713.0,0.95,Zona central
SAN MARCOS,71.9,66.5,89.0,"5,263",661.0,890.0,665.0,815.0,782.0,753.0,San Salvador,66683.0,57791.0,8892.0,86.7,32736.0,33946.0,0.96,Zona central
SAN MARTÍN,69.8,66.3,86.7,"4,646",641.0,867.0,663.0,799.0,747.0,729.0,San Salvador,90097.0,51532.0,38565.0,57.2,43827.0,46269.0,0.95,Zona central
SAN SALVADOR,72.8,75.1,93.7,"9,230",755.0,937.0,751.0,875.0,797.0,809.0,San Salvador,435175.0,435175.0,0.0,100.0,19409.0,241085.0,0.81,Zona central
SANTIAGO TEXACUANGOS,66.7,61.6,84.7,"4,345",629.0,847.0,616.0,770.0,695.0,698.0,San Salvador,19308.0,2556.0,16752.0,13.2,9677.0,9631.0,1.0,Zona central
SANTO TOMÁS,69.0,71.6,89.4,"5,601",672.0,894.0,716.0,834.0,733.0,746.0,San Salvador,28104.0,12669.0,15435.0,45.1,13619.0,14484.0,0.94,Zona central
SOYAPANGO,72.8,75.1,94.6,"6,968",708.0,946.0,751.0,881.0,797.0,796.0,San Salvador,375536.0,375536.0,0.0,100.0,17536.0,200176.0,0.88,Zona central
TONACATEPEQUE,67.7,64.7,88.5,"4,607",639.0,885.0,647.0,806.0,711.0,719.0,San Salvador,62147.0,16557.0,4559.0,26.6,29523.0,32624.0,0.9,Zona central
APASTEPEQUE,66.4,60.5,75.6,"2,446",534.0,756.0,605.0,705.0,690.0,643.0,San Vicente,18231.0,4047.0,14184.0,22.2,895.0,928.0,0.96,Zona central
GUADALUPE,68.1,59.4,82.4,"2,985",567.0,824.0,594.0,747.0,719.0,678.0,San Vicente,5911.0,2758.0,3154.0,46.7,2818.0,3093.0,0.91,Zona central
SAN CAYETANO ISTEPEQUE,67.1,68.4,73.8,"3,247",581.0,738.0,684.0,720.0,701.0,667.0,San Vicente,5091.0,1623.0,3468.0,31.9,2434.0,2657.0,0.92,Zona central
SAN ESTEBAN CATARINA,67.8,58.5,72.4,"2,080",507.0,724.0,585.0,677.0,714.0,633.0,San Vicente,4583.0,1967.0,2616.0,42.9,2299.0,2284.0,1.01,Zona central
SAN ILDEFONSO,66.3,60.9,59.8,"2,606",544.0,598.0,609.0,602.0,689.0,612.0,San Vicente,8704.0,1849.0,6855.0,21.2,4302.0,4402.0,0.98,Zona central
SAN LORENZO,68.3,60.0,75.2,"2,410",531.0,752.0,600.0,701.0,722.0,651.0,San Vicente,6166.0,3041.0,3125.0,49.3,2928.0,3238.0,0.9,Zona central
44.5San VicenteSAN SEBASTIÁN,68.0,69.0,81.0,"3,473",592.0,810.0,690.0,770.0,716.0,693.0,San Vicente,12988.0,5786.0,7202.0,,6145.0,6843.0,0.9,Zona central
SAN VICENTE,68.9,63.8,78.5,"4,310",628.0,785.0,638.0,736.0,732.0,699.0,San Vicente,53523.0,31291.0,22232.0,58.5,25301.0,28222.0,0.9,Zona central
SANTA CLARA,66.7,56.6,64.1,"1,827",485.0,641.0,566.0,616.0,694.0,598.0,San Vicente,4626.0,1204.0,3423.0,26.0,2386.0,2241.0,1.06,Zona central
SANTO DOMINGO,67.8,68.5,84.2,"3,611",599.0,842.0,685.0,790.0,713.0,700.0,San Vicente,6549.0,2739.0,381.0,41.8,3074.0,3475.0,0.88,Zona central
TECOLUCA,65.5,55.6,68.2,"2,292",523.0,682.0,556.0,640.0,674.0,612.0,San Vicente,22967.0,2128.0,20839.0,9.3,10888.0,12079.0,0.9,Zona central
TEPETITÁN,67.4,58.8,79.8,"3,400",589.0,798.0,588.0,728.0,706.0,674.0,San Vicente,3813.0,1388.0,2425.0,36.4,1794.0,2019.0,0.89,Zona central
VERAPAZ,67.7,65.2,80.1,"2,598",544.0,801.0,652.0,752.0,712.0,669.0,San Vicente,7803.0,3226.0,4577.0,41.3,393.0,3873.0,1.01,Zona central
CANDELARIA DE LA FRONTERA,70.3,56.5,75.7,"3,227",580.0,757.0,565.0,693.0,754.0,676.0,Santa Ana,24042.0,6307.0,17735.0,26.2,1201.0,12033.0,1.0,Zona occidental
CHALCHUAPA,72.3,65.9,85.1,"4,776",645.0,851.0,659.0,787.0,789.0,740.0,Santa Ana,66546.0,36846.0,297.0,55.4,31465.0,35081.0,0.9,Zona occidental
COATEPEQUE,69.5,54.5,72.5,"2,727",552.0,725.0,545.0,665.0,742.0,653.0,Santa Ana,45535.0,7149.0,38386.0,15.7,22688.0,22847.0,0.99,Zona occidental
EL CONGO,72.6,60.7,81.3,"3,183",578.0,813.0,607.0,745.0,793.0,705.0,Santa Ana,27619.0,1617.0,11449.0,58.5,14037.0,13583.0,1.03,Zona occidental
EL PORVENIR,69.8,61.9,76.8,"2,840",559.0,768.0,619.0,718.0,747.0,675.0,Santa Ana,6619.0,1338.0,5281.0,20.2,345.0,3169.0,1.09,Zona occidental
MASAHUAT,69.6,60.2,55.3,"1,794",482.0,553.0,602.0,569.0,743.0,598.0,Santa Ana,4113.0,6780.0,3435.0,16.5,206.0,2053.0,1.0,Zona occidental
Santa Ana METAPÁN,70.9,51.8,70.8,"4,429",633.0,708.0,518.0,645.0,764.0,681.0,Santa Ana,57067.0,19818.0,37249.0,34.7,27726.0,29341.0,0.94,Zona occidental
SAN ANTONIO PAJONAL,71.2,55.5,66.0,"3,150",576.0,660.0,555.0,625.0,770.0,657.0,Santa Ana,4028.0,1604.0,2424.0,39.8,1938.0,209.0,0.93,Zona occidental
SAN SEBASTIÁN SALITRILLO,69.3,51.0,80.8,"3,702",603.0,808.0,510.0,708.0,738.0,683.0,Santa Ana,12689.0,1583.0,11107.0,12.5,6522.0,6167.0,1.06,Zona occidental
SANTA ANA,74.3,63.9,85.9,"5,396",666.0,859.0,639.0,786.0,821.0,758.0,Santa Ana,261568.0,217067.0,44501.0,83.0,123342.0,138226.0,0.89,Zona occidental
SANTA ROSA GUACHIPILÍN,69.2,63.7,64.4,"2,253",520.0,644.0,637.0,641.0,736.0,633.0,Santa Ana,6185.0,6690.0,5516.0,10.8,2861.0,3324.0,0.86,Zona occidental
SANTIAGO DE LA FRONTERA,70.2,38.5,63.1,"1,808",483.0,631.0,385.0,549.0,754.0,595.0,Santa Ana,6589.0,1677.0,4912.0,25.5,343.0,3159.0,1.09,Zona occidental
TEXISTEPEQUE,69.3,56.7,73.3,"3,183",578.0,733.0,567.0,678.0,738.0,665.0,Santa Ana,18143.0,2245.0,15898.0,12.4,8688.0,9455.0,0.92,Zona occidental
ACAJUTLA,70.5,58.1,76.0,"3,719",604.0,760.0,581.0,700.0,758.0,687.0,Sonsonate,61135.0,21855.0,3928.0,35.7,30771.0,30364.0,1.01,Zona occidental
ARMENIA,71.0,54.1,75.8,"3,736",604.0,758.0,541.0,686.0,766.0,685.0,Sonsonate,25444.0,10883.0,14561.0,42.8,12348.0,13096.0,0.94,Zona occidental
CALUCO,68.4,55.1,69.5,"1,590",462.0,695.0,551.0,647.0,724.0,611.0,Sonsonate,8341.0,6110.0,773.0,7.3,4306.0,4035.0,1.07,Zona occidental
CUISNAHUAT,69.5,54.6,73.3,"1,574",460.0,733.0,546.0,671.0,742.0,624.0,Sonsonate,12832.0,2917.0,9915.0,22.7,6598.0,6234.0,1.06,Zona occidental
IZALCO,69.9,55.7,76.6,"3,150",576.0,766.0,557.0,696.0,748.0,673.0,Sonsonate,74668.0,20421.0,54247.0,27.3,37206.0,37463.0,0.99,Zona occidental
JUAYÚA,70.9,63.3,78.8,"4,456",634.0,788.0,633.0,736.0,765.0,712.0,Sonsonate,26475.0,11033.0,15442.0,41.7,12526.0,13948.0,0.9,Zona occidental
NAHUILINGO,69.8,62.4,78.4,"4,264",626.0,784.0,624.0,731.0,746.0,701.0,Sonsonate,11311.0,2962.0,8349.0,26.2,5581.0,573.0,0.97,Zona occidental
NAHUIZALCO,69.4,50.6,67.8,"2,706",550.0,678.0,506.0,620.0,741.0,637.0,Sonsonate,4239.0,9002.0,33388.0,21.2,20726.0,21664.0,0.96,Zona occidental
Sonsonate SALCOATITÁN,71.7,59.9,75.2,"3,158",576.0,752.0,599.0,701.0,778.0,685.0,Sonsonate,7052.0,372.0,3332.0,52.8,3631.0,3421.0,1.06,Zona occidental
SAN ANTONIO DEL MONTE,71.4,60.2,82.7,"4,195",624.0,827.0,602.0,752.0,773.0,716.0,Sonsonate,22938.0,11227.0,11711.0,48.9,1129.0,11648.0,0.97,Zona occidental
SAN JULIÁN,68.5,55.9,70.2,"2,340",526.0,702.0,559.0,655.0,725.0,635.0,Sonsonate,18266.0,1526.0,16739.0,8.4,9756.0,8509.0,1.15,Zona occidental
SANTA CATARINA MASAHUAT,70.5,50.1,62.0,"2,093",508.0,620.0,501.0,580.0,758.0,615.0,Sonsonate,8635.0,3085.0,555.0,35.7,4358.0,4277.0,1.02,Zona occidental
SANTA ISABEL ISHUATÁN,68.4,61.2,69.8,"2,035",503.0,698.0,612.0,669.0,724.0,632.0,Sonsonate,979.0,6670.0,9123.0,6.8,5014.0,4776.0,1.05,Zona occidental
SANTO DOMINGO DE GUZMÁN,69.2,66.7,67.2,"1,820",484.0,672.0,667.0,670.0,736.0,630.0,Sonsonate,7277.0,1279.0,5998.0,17.6,3565.0,3713.0,0.96,Zona occidental
SONSONATE,71.4,60.3,81.9,"4,907",650.0,819.0,603.0,747.0,774.0,724.0,Sonsonate,91836.0,45438.0,46398.0,49.5,43955.0,47881.0,0.92,Zona occidental
SONZACATE,74.3,70.8,91.3,"8,443",740.0,913.0,708.0,845.0,821.0,802.0,Sonsonate,19982.0,17974.0,2008.0,90.0,9192.0,1079.0,0.85,Zona occidental
ALEGRÍA,70.6,61.3,70.5,"2,068",506.0,705.0,613.0,674.0,760.0,647.0,Usulután,13752.0,5809.0,7943.0,42.2,7041.0,6711.0,1.05,Zona oriental
BERLÍN,70.6,55.4,68.1,"2,795",556.0,681.0,554.0,639.0,760.0,651.0,Usulután,17952.0,7566.0,10386.0,42.1,9123.0,8829.0,1.03,Zona oriental
CALIFORNIA,72.7,65.3,70.5,"3,474",592.0,705.0,653.0,688.0,794.0,691.0,Usulután,2591.0,1847.0,7440.0,71.3,1171.0,142.0,0.82,Zona oriental
CONCEPCIÓN BATRES,68.5,53.7,58.9,"2,320",525.0,589.0,537.0,571.0,725.0,607.0,Usulután,13069.0,1569.0,115.0,12.0,638.0,6689.0,0.95,Zona oriental
EL TRIUNFO,71.9,61.4,74.4,"3,422",590.0,744.0,614.0,700.0,781.0,690.0,Usulután,6339.0,3803.0,2536.0,60.0,3128.0,3211.0,0.97,Zona oriental
EREGUAYQUÍN,69.2,58.8,66.8,"3,107",574.0,668.0,588.0,642.0,736.0,651.0,Usulután,7059.0,1556.0,5503.0,22.0,3376.0,3683.0,0.92,Zona oriental
ESTANZUELAS,69.4,57.1,66.6,"1,906",492.0,666.0,571.0,634.0,741.0,622.0,Usulután,10102.0,2578.0,7524.0,25.5,4612.0,549.0,0.84,Zona oriental
JIQUILISCO,69.3,61.5,71.1,"3,507",594.0,711.0,615.0,679.0,739.0,671.0,Usulután,39215.0,9441.0,29774.0,24.1,19693.0,19522.0,1.01,Zona oriental
JUCUAPA,71.4,62.4,77.2,"3,900",611.0,772.0,624.0,723.0,773.0,702.0,Usulután,16226.0,8601.0,7625.0,53.0,7657.0,8569.0,0.89,Zona oriental
JUCUARÁN,68.5,67.2,65.9,"2,458",534.0,659.0,672.0,664.0,724.0,641.0,Usulután,12846.0,1497.0,1135.0,11.6,6604.0,6242.0,1.06,Zona oriental
MERCEDES UMAÑA,69.3,53.7,66.4,"2,308",524.0,664.0,537.0,621.0,738.0,628.0,Usulután,13866.0,328.0,10586.0,23.7,6739.0,7127.0,0.95,Zona oriental
Usulután NUEVA GRANADA,69.4,54.3,57.7,"1,583",461.0,577.0,543.0,566.0,739.0,589.0,Usulután,8307.0,2037.0,627.0,24.5,3861.0,4446.0,0.87,Zona oriental
OZATLÁN,69.8,56.0,71.3,"2,740",553.0,713.0,560.0,662.0,746.0,653.0,Usulután,12127.0,3677.0,845.0,30.3,5846.0,6281.0,0.93,Zona oriental
PUERTO EL TRIUNFO,71.6,57.7,70.9,"3,577",597.0,709.0,577.0,665.0,777.0,680.0,Usulután,17091.0,9646.0,7445.0,56.4,8699.0,8392.0,1.04,Zona oriental
SAN AGUSTIN,69.9,59.9,64.6,"2,020",502.0,646.0,599.0,630.0,748.0,627.0,Usulután,4448.0,142.0,3028.0,31.9,2208.0,224.0,0.99,Zona oriental
SAN BUENAVENTURA,69.3,60.4,75.8,"3,012",568.0,758.0,604.0,707.0,738.0,671.0,Usulután,4565.0,1057.0,3508.0,23.2,2245.0,232.0,0.97,Zona oriental
SAN DIONISIO,69.0,55.6,65.4,"2,900",562.0,654.0,556.0,621.0,733.0,639.0,Usulután,8655.0,1627.0,7028.0,18.8,4072.0,4583.0,0.89,Zona oriental
SAN FRANCISCO JAVIER,69.1,51.5,63.6,"1,719",475.0,636.0,515.0,596.0,735.0,602.0,Usulután,605.0,1253.0,4798.0,20.7,2994.0,3056.0,0.98,Zona oriental
SANTA ELENA,70.1,59.6,70.8,"2,959",565.0,708.0,596.0,671.0,752.0,663.0,Usulután,15464.0,5464.0,10001.0,35.3,7109.0,8355.0,0.85,Zona oriental
SANTA MARÍA,68.5,71.8,70.6,"4,148",622.0,706.0,718.0,710.0,725.0,686.0,Usulután,9987.0,1259.0,8728.0,12.6,4662.0,5325.0,0.88,Zona oriental
SANTIAGO DE MARÍA,71.9,63.5,78.3,"4,012",616.0,783.0,635.0,734.0,782.0,711.0,Usulután,17291.0,10507.0,6784.0,60.8,8184.0,9108.0,0.9,Zona oriental
TECAPÁN,68.6,51.6,58.6,"2,168",513.0,586.0,516.0,563.0,727.0,601.0,Usulután,11462.0,1645.0,9817.0,14.4,5524.0,5937.0,0.93,Zona oriental
USULUTÁN,72.2,62.2,80.4,"4,816",647.0,804.0,622.0,743.0,786.0,725.0,Usulután,70347.0,45337.0,2501.0,64.4,3211.0,38237.0,0.84,Zona oriental
